h0,h1,h2,h3,h4,h5,h6,Final Score
8,2,1,2,5,0,2,66259.0
8,2,1,2,5,0,7,58329.0
8,2,1,2,5,0,6,63867.0
8,2,1,2,5,1,6,70083.0
8,2,1,2,5,1,3,69102.0
8,2,1,2,5,1,4,32765.0
8,2,1,2,5,3,0,66642.0
8,2,1,2,5,3,1,67231.0
8,2,1,2,5,3,6,63910.0
8,2,1,2,0,6,6,62416.0
8,2,1,2,0,6,10,63831.0
8,2,1,2,0,6,9,63831.0
8,2,1,2,0,4,2,26866.0
8,2,1,2,0,4,9,35186.0
8,2,1,2,0,4,11,40193.0
8,2,1,2,0,10,9,68171.0
8,2,1,2,0,10,2,68171.0
8,2,1,2,0,10,4,33033.0
8,2,1,2,10,3,8,70094.0
8,2,1,2,10,3,6,67500.0
8,2,1,2,10,3,5,68553.0
8,2,1,2,10,10,8,72964.0
8,2,1,2,10,10,2,72964.0
8,2,1,2,10,10,0,68164.0
8,2,1,2,10,7,4,33612.0
8,2,1,2,10,7,6,55446.0
8,2,1,2,10,7,2,51628.0
8,2,1,11,9,2,7,65375.0
8,2,1,11,9,2,0,66641.0
8,2,1,11,9,2,2,76131.0
8,2,1,11,9,3,11,81255.0
8,2,1,11,9,3,8,73446.0
8,2,1,11,9,3,3,70296.0
8,2,1,11,9,5,8,83051.0
8,2,1,11,9,5,10,83051.0
8,2,1,11,9,5,6,79817.0
8,2,1,11,0,5,5,67624.0
8,2,1,11,0,5,9,68164.0
8,2,1,11,0,5,4,36038.0
8,2,1,11,0,7,5,56411.0
8,2,1,11,0,7,7,46280.0
8,2,1,11,0,7,2,50238.0
8,2,1,11,0,0,9,69372.0
8,2,1,11,0,0,4,31875.0
8,2,1,11,0,0,3,67639.0
8,2,1,11,3,11,10,80643.0
8,2,1,11,3,11,11,87443.0
8,2,1,11,3,11,0,68954.0
8,2,1,11,3,1,5,71109.0
8,2,1,11,3,1,4,34374.0
8,2,1,11,3,1,8,71896.0
8,2,1,11,3,2,11,75839.0
8,2,1,11,3,2,0,67058.0
8,2,1,11,3,2,1,69220.0
8,2,1,10,4,9,4,21245.0
8,2,1,10,4,9,0,33854.0
8,2,1,10,4,9,10,36145.0
8,2,1,10,4,4,7,17510.0
8,2,1,10,4,4,1,19121.0
8,2,1,10,4,4,10,19575.0
8,2,1,10,4,0,11,42843.0
8,2,1,10,4,0,3,32591.0
8,2,1,10,4,0,1,33575.0
8,2,1,10,9,0,2,67885.0
8,2,1,10,9,0,10,68465.0
8,2,1,10,9,0,8,68465.0
8,2,1,10,9,8,2,72864.0
8,2,1,10,9,8,5,73293.0
8,2,1,10,9,8,9,73614.0
8,2,1,10,9,3,8,69247.0
8,2,1,10,9,3,0,67453.0
8,2,1,10,9,3,6,65835.0
8,2,1,10,8,10,3,68889.0
8,2,1,10,8,10,0,68460.0
8,2,1,10,8,10,5,72188.0
8,2,1,10,8,7,5,62942.0
8,2,1,10,8,7,3,59939.0
8,2,1,10,8,7,10,63554.0
8,2,1,10,8,4,7,29102.0
8,2,1,10,8,4,6,32114.0
8,2,1,10,8,4,1,34440.0
8,2,9,5,11,11,5,118837.0
8,2,9,5,11,11,6,114198.0
8,2,9,5,11,11,11,124536.0
8,2,9,5,11,7,10,91973.0
8,2,9,5,11,7,6,85575.0
8,2,9,5,11,7,1,64577.0
8,2,9,5,11,5,10,109257.0
8,2,9,5,11,5,6,104904.0
8,2,9,5,11,5,4,54244.0
8,2,9,5,2,5,9,101191.0
8,2,9,5,2,5,6,96910.0
8,2,9,5,2,5,5,99667.0
8,2,9,5,2,10,4,43803.0
8,2,9,5,2,10,2,103306.0
8,2,9,5,2,10,1,70610.0
8,2,9,5,2,8,8,103306.0
8,2,9,5,2,8,6,98921.0
8,2,9,5,2,8,11,107313.0
8,2,9,5,9,4,0,42530.0
8,2,9,5,9,4,1,34378.0
8,2,9,5,9,4,4,27596.0
8,2,9,5,9,8,9,103306.0
8,2,9,5,9,8,0,96676.0
8,2,9,5,9,8,11,108815.0
8,2,9,5,9,9,4,44764.0
8,2,9,5,9,9,6,100043.0
8,2,9,5,9,9,2,103306.0
8,2,9,9,10,1,0,68216.0
8,2,9,9,10,1,7,63606.0
8,2,9,9,10,1,9,75478.0
8,2,9,9,10,4,5,53409.0
8,2,9,9,10,4,2,43641.0
8,2,9,9,10,4,3,51982.0
8,2,9,9,10,11,8,116291.0
8,2,9,9,10,11,4,53556.0
8,2,9,9,10,11,11,122495.0
8,2,9,9,5,9,10,105657.0
8,2,9,9,5,9,3,102471.0
8,2,9,9,5,9,0,96529.0
8,2,9,9,5,5,4,47564.0
8,2,9,9,5,5,3,101496.0
8,2,9,9,5,5,10,104444.0
8,2,9,9,5,4,2,40324.0
8,2,9,9,5,4,0,49427.0
8,2,9,9,5,4,5,49568.0
8,2,9,9,9,2,5,105209.0
8,2,9,9,9,2,6,100044.0
8,2,9,9,9,2,7,91891.0
8,2,9,9,9,7,10,87127.0
8,2,9,9,9,7,8,87127.0
8,2,9,9,9,7,3,84300.0
8,2,9,9,9,9,8,107550.0
8,2,9,9,9,9,0,99668.0
8,2,9,9,9,9,2,107550.0
8,2,9,0,8,11,0,98761.0
8,2,9,0,8,11,11,117611.0
8,2,9,0,8,11,3,98349.0
8,2,9,0,8,3,7,83168.0
8,2,9,0,8,3,3,95251.0
8,2,9,0,8,3,1,68148.0
8,2,9,0,8,8,4,46241.0
8,2,9,0,8,8,8,98459.0
8,2,9,0,8,8,5,97265.0
8,2,9,0,7,9,0,79561.0
8,2,9,0,7,9,9,79691.0
8,2,9,0,7,9,2,72331.0
8,2,9,0,7,11,8,85611.0
8,2,9,0,7,11,3,78915.0
8,2,9,0,7,11,6,79608.0
8,2,9,0,7,2,1,50675.0
8,2,9,0,7,2,11,77766.0
8,2,9,0,7,2,10,72241.0
8,2,9,0,2,11,10,101202.0
8,2,9,0,2,11,5,99786.0
8,2,9,0,2,11,1,75388.0
8,2,9,0,2,5,5,95240.0
8,2,9,0,2,5,8,96698.0
8,2,9,0,2,5,11,101594.0
8,2,9,0,2,1,4,32503.0
8,2,9,0,2,1,11,77395.0
8,2,9,0,2,1,2,68467.0
8,2,4,1,0,2,9,31925.0
8,2,4,1,0,2,2,31925.0
8,2,4,1,0,2,5,31813.0
8,2,4,1,0,4,0,20907.0
8,2,4,1,0,4,6,21204.0
8,2,4,1,0,4,7,20391.0
8,2,4,1,0,9,6,40986.0
8,2,4,1,0,9,7,32597.0
8,2,4,1,0,9,3,40053.0
8,2,4,1,9,0,11,46935.0
8,2,4,1,9,0,3,40308.0
8,2,4,1,9,0,7,35409.0
8,2,4,1,9,9,9,42819.0
8,2,4,1,9,9,6,40373.0
8,2,4,1,9,9,4,22069.0
8,2,4,1,9,2,4,20585.0
8,2,4,1,9,2,0,30880.0
8,2,4,1,9,2,3,31064.0
8,2,4,1,6,5,5,38955.0
8,2,4,1,6,5,8,38955.0
8,2,4,1,6,5,6,37263.0
8,2,4,1,6,0,2,28256.0
8,2,4,1,6,0,6,36080.0
8,2,4,1,6,0,11,46800.0
8,2,4,1,6,8,7,36662.0
8,2,4,1,6,8,9,38956.0
8,2,4,1,6,8,8,38956.0
8,2,4,2,3,10,5,36686.0
8,2,4,2,3,10,10,38078.0
8,2,4,2,3,10,0,35339.0
8,2,4,2,3,6,11,44308.0
8,2,4,2,3,6,5,35309.0
8,2,4,2,3,6,2,35369.0
8,2,4,2,3,5,2,37555.0
8,2,4,2,3,5,7,33540.0
8,2,4,2,3,5,9,37945.0
8,2,4,2,10,2,5,41020.0
8,2,4,2,10,2,10,41057.0
8,2,4,2,10,2,8,41057.0
8,2,4,2,10,1,4,17847.0
8,2,4,2,10,1,9,28229.0
8,2,4,2,10,1,1,28229.0
8,2,4,2,10,11,0,38528.0
8,2,4,2,10,11,6,45340.0
8,2,4,2,10,11,5,47955.0
8,2,4,2,5,8,5,39927.0
8,2,4,2,5,8,8,40700.0
8,2,4,2,5,8,1,27838.0
8,2,4,2,5,10,0,36939.0
8,2,4,2,5,10,4,25252.0
8,2,4,2,5,10,9,40700.0
8,2,4,2,5,7,1,25476.0
8,2,4,2,5,7,4,22366.0
8,2,4,2,5,7,0,32580.0
8,2,4,7,3,0,1,35304.0
8,2,4,7,3,0,9,43696.0
8,2,4,7,3,0,3,42121.0
8,2,4,7,3,4,9,24178.0
8,2,4,7,3,4,8,24178.0
8,2,4,7,3,4,1,21124.0
8,2,4,7,3,6,8,42430.0
8,2,4,7,3,6,11,52867.0
8,2,4,7,3,6,7,33957.0
8,2,4,7,11,5,1,46127.0
8,2,4,7,11,5,10,57217.0
8,2,4,7,11,5,8,57217.0
8,2,4,7,11,1,3,37447.0
8,2,4,7,11,1,11,49834.0
8,2,4,7,11,1,4,21722.0
8,2,4,7,11,0,10,47141.0
8,2,4,7,11,0,5,47141.0
8,2,4,7,11,0,6,45477.0
8,2,4,7,4,3,6,17333.0
8,2,4,7,4,3,9,17665.0
8,2,4,7,4,3,11,24612.0
8,2,4,7,4,7,3,17137.0
8,2,4,7,4,7,8,18041.0
8,2,4,7,4,7,1,16517.0
8,2,4,7,4,10,5,20204.0
8,2,4,7,4,10,3,18880.0
8,2,4,7,4,10,9,20204.0
8,9,0,0,7,9,6,107430.0
8,9,0,0,7,9,4,54083.0
8,9,0,0,7,9,0,111065.0
8,9,0,0,7,7,7,84401.0
8,9,0,0,7,7,1,51746.0
8,9,0,0,7,7,6,88731.0
8,9,0,0,7,1,7,49904.0
8,9,0,0,7,1,9,59912.0
8,9,0,0,7,1,6,57318.0
8,9,0,0,11,10,2,103991.0
8,9,0,0,11,10,6,137944.0
8,9,0,0,11,10,3,135164.0
8,9,0,0,11,5,1,78567.0
8,9,0,0,11,5,3,131738.0
8,9,0,0,11,5,0,133775.0
8,9,0,0,11,3,6,127637.0
8,9,0,0,11,3,4,57648.0
8,9,0,0,11,3,7,114783.0
8,9,0,0,10,0,1,75028.0
8,9,0,0,10,0,5,133958.0
8,9,0,0,10,0,11,140443.0
8,9,0,0,10,3,3,130748.0
8,9,0,0,10,3,9,133154.0
8,9,0,0,10,3,6,125945.0
8,9,0,0,10,11,1,76848.0
8,9,0,0,10,11,5,138435.0
8,9,0,0,10,11,3,133055.0
8,9,0,1,6,0,4,33707.0
8,9,0,1,6,0,10,66495.0
8,9,0,1,6,0,6,62324.0
8,9,0,1,6,4,2,29671.0
8,9,0,1,6,4,6,35977.0
8,9,0,1,6,4,0,37201.0
8,9,0,1,6,8,11,79593.0
8,9,0,1,6,8,5,69486.0
8,9,0,1,6,8,10,69489.0
8,9,0,1,0,2,4,40457.0
8,9,0,1,0,2,8,70314.0
8,9,0,1,0,2,2,70314.0
8,9,0,1,0,6,10,68221.0
8,9,0,1,0,6,3,67505.0
8,9,0,1,0,6,2,65511.0
8,9,0,1,0,4,7,25743.0
8,9,0,1,0,4,10,30745.0
8,9,0,1,0,4,0,30372.0
8,9,0,1,1,1,2,73022.0
8,9,0,1,1,1,11,80797.0
8,9,0,1,1,1,3,70646.0
8,9,0,1,1,5,0,70419.0
8,9,0,1,1,5,7,64052.0
8,9,0,1,1,5,9,73298.0
8,9,0,1,1,3,2,70050.0
8,9,0,1,1,3,6,67066.0
8,9,0,1,1,3,5,71213.0
8,9,0,3,4,5,0,59414.0
8,9,0,3,4,5,4,22705.0
8,9,0,3,4,5,8,59883.0
8,9,0,3,4,7,5,50718.0
8,9,0,3,4,7,1,27174.0
8,9,0,3,4,7,10,52318.0
8,9,0,3,4,11,11,74401.0
8,9,0,3,4,11,7,52974.0
8,9,0,3,4,11,0,60129.0
8,9,0,3,10,8,8,132198.0
8,9,0,3,10,8,11,136509.0
8,9,0,3,10,8,1,72038.0
8,9,0,3,10,3,2,101279.0
8,9,0,3,10,3,9,129109.0
8,9,0,3,10,3,6,123892.0
8,9,0,3,10,4,7,53735.0
8,9,0,3,10,4,6,67912.0
8,9,0,3,10,4,9,70141.0
8,9,0,3,11,3,0,130004.0
8,9,0,3,11,3,10,132770.0
8,9,0,3,11,3,3,129859.0
8,9,0,3,11,7,7,96798.0
8,9,0,3,11,7,3,107568.0
8,9,0,3,11,7,9,116403.0
8,9,0,3,11,8,5,137183.0
8,9,0,3,11,8,1,78363.0
8,9,0,3,11,8,7,117418.0
8,9,1,3,11,9,8,77493.0
8,9,1,3,11,9,1,73867.0
8,9,1,3,11,9,7,65763.0
8,9,1,3,11,5,10,77493.0
8,9,1,3,11,5,2,69883.0
8,9,1,3,11,5,9,77493.0
8,9,1,3,11,2,2,71273.0
8,9,1,3,11,2,10,71273.0
8,9,1,3,11,2,8,71273.0
8,9,1,3,2,4,1,30770.0
8,9,1,3,2,4,2,23790.0
8,9,1,3,2,4,6,31152.0
8,9,1,3,2,1,7,57544.0
8,9,1,3,2,1,4,34840.0
8,9,1,3,2,1,2,65653.0
8,9,1,3,2,2,4,30076.0
8,9,1,3,2,2,2,67137.0
8,9,1,3,2,2,5,66804.0
8,9,1,3,3,1,10,67227.0
8,9,1,3,3,1,0,66909.0
8,9,1,3,3,1,3,65736.0
8,9,1,3,3,5,5,65610.0
8,9,1,3,3,5,11,72142.0
8,9,1,3,3,5,1,66450.0
8,9,1,3,3,11,5,74677.0
8,9,1,3,3,11,9,75492.0
8,9,1,3,3,11,11,81795.0
8,9,1,0,5,10,11,78056.0
8,9,1,0,5,10,4,30896.0
8,9,1,0,5,10,2,67571.0
8,9,1,0,5,9,8,69151.0
8,9,1,0,5,9,4,32199.0
8,9,1,0,5,9,11,74432.0
8,9,1,0,5,6,3,63175.0
8,9,1,0,5,6,11,73880.0
8,9,1,0,5,6,4,28220.0
8,9,1,0,10,2,4,34183.0
8,9,1,0,10,2,10,69075.0
8,9,1,0,10,2,5,67930.0
8,9,1,0,10,10,7,57041.0
8,9,1,0,10,10,8,69775.0
8,9,1,0,10,10,3,67751.0
8,9,1,0,10,8,0,69775.0
8,9,1,0,10,8,1,69437.0
8,9,1,0,10,8,3,68453.0
8,9,1,0,9,4,6,32355.0
8,9,1,0,9,4,1,32181.0
8,9,1,0,9,4,4,20794.0
8,9,1,0,9,5,11,78575.0
8,9,1,0,9,5,6,66309.0
8,9,1,0,9,5,9,69151.0
8,9,1,0,9,9,6,67773.0
8,9,1,0,9,9,8,69775.0
8,9,1,0,9,9,7,57884.0
8,9,1,10,5,6,3,61126.0
8,9,1,10,5,6,7,54266.0
8,9,1,10,5,6,10,64834.0
8,9,1,10,5,9,10,70832.0
8,9,1,10,5,9,8,70832.0
8,9,1,10,5,9,6,65794.0
8,9,1,10,5,11,11,80471.0
8,9,1,10,5,11,4,36895.0
8,9,1,10,5,11,6,72185.0
8,9,1,10,2,0,3,67856.0
8,9,1,10,2,0,5,67557.0
8,9,1,10,2,0,9,68460.0
8,9,1,10,2,8,4,36809.0
8,9,1,10,2,8,11,78352.0
8,9,1,10,2,8,3,68521.0
8,9,1,10,2,7,10,60545.0
8,9,1,10,2,7,1,59855.0
8,9,1,10,2,7,7,52452.0
8,9,1,10,9,0,11,77793.0
8,9,1,10,9,0,3,68332.0
8,9,1,10,9,0,9,69780.0
8,9,1,10,9,5,5,72260.0
8,9,1,10,9,5,1,73276.0
8,9,1,10,9,5,2,71576.0
8,9,1,10,9,8,6,69326.0
8,9,1,10,9,8,0,69773.0
8,9,1,10,9,8,7,58069.0
8,9,9,10,3,3,6,126654.0
8,9,9,10,3,3,3,126882.0
8,9,9,10,3,3,10,129631.0
8,9,9,10,3,6,1,69799.0
8,9,9,10,3,6,9,126799.0
8,9,9,10,3,6,0,126645.0
8,9,9,10,3,0,5,130379.0
8,9,9,10,3,0,8,133088.0
8,9,9,10,3,0,3,129562.0
8,9,9,10,2,11,5,111415.0
8,9,9,10,2,11,4,59047.0
8,9,9,10,2,11,8,113524.0
8,9,9,10,2,1,11,83455.0
8,9,9,10,2,1,0,69562.0
8,9,9,10,2,1,5,74218.0
8,9,9,10,2,4,0,52037.0
8,9,9,10,2,4,2,38293.0
8,9,9,10,2,4,9,54103.0
8,9,9,10,8,1,8,74868.0
8,9,9,10,8,1,5,74038.0
8,9,9,10,8,1,0,72033.0
8,9,9,10,8,0,4,68118.0
8,9,9,10,8,0,10,136440.0
8,9,9,10,8,0,8,136440.0
8,9,9,10,8,11,0,136472.0
8,9,9,10,8,11,1,78859.0
8,9,9,10,8,11,9,143067.0
8,9,9,7,11,2,5,82059.0
8,9,9,7,11,2,8,83271.0
8,9,9,7,11,2,7,70774.0
8,9,9,7,11,3,11,120501.0
8,9,9,7,11,3,1,63852.0
8,9,9,7,11,3,2,78702.0
8,9,9,7,11,11,8,136248.0
8,9,9,7,11,11,3,124275.0
8,9,9,7,11,11,0,119610.0
8,9,9,7,5,1,6,60647.0
8,9,9,7,5,1,3,60839.0
8,9,9,7,5,1,5,61261.0
8,9,9,7,5,3,10,115070.0
8,9,9,7,5,3,0,114840.0
8,9,9,7,5,3,6,110627.0
8,9,9,7,5,10,8,116602.0
8,9,9,7,5,10,11,125595.0
8,9,9,7,5,10,10,116602.0
8,9,9,7,6,7,6,99887.0
8,9,9,7,6,7,11,104184.0
8,9,9,7,6,7,1,53032.0
8,9,9,7,6,1,2,53843.0
8,9,9,7,6,1,6,61437.0
8,9,9,7,6,1,5,60905.0
8,9,9,7,6,6,3,104282.0
8,9,9,7,6,6,7,83882.0
8,9,9,7,6,6,1,59260.0
8,9,9,3,3,2,10,102328.0
8,9,9,3,3,2,0,100000.0
8,9,9,3,3,2,5,101205.0
8,9,9,3,3,0,5,128217.0
8,9,9,3,3,0,0,129375.0
8,9,9,3,3,0,4,60381.0
8,9,9,3,3,4,1,33725.0
8,9,9,3,3,4,5,58884.0
8,9,9,3,3,4,11,72995.0
8,9,9,3,8,11,2,102496.0
8,9,9,3,8,11,3,133454.0
8,9,9,3,8,11,7,114433.0
8,9,9,3,8,1,8,74793.0
8,9,9,3,8,1,1,74793.0
8,9,9,3,8,1,9,74793.0
8,9,9,3,8,2,6,102704.0
8,9,9,3,8,2,9,105909.0
8,9,9,3,8,2,1,75471.0
8,9,9,3,2,0,9,103270.0
8,9,9,3,2,0,8,103270.0
8,9,9,3,2,0,5,101679.0
8,9,9,3,2,5,1,73631.0
8,9,9,3,2,5,2,103095.0
8,9,9,3,2,5,7,88420.0
8,9,9,3,2,4,2,34823.0
8,9,9,3,2,4,10,44913.0
8,9,9,3,2,4,5,44527.0
8,1,1,8,2,0,3,69863.0
8,1,1,8,2,0,2,69695.0
8,1,1,8,2,0,6,66541.0
8,1,1,8,2,1,6,68597.0
8,1,1,8,2,1,1,71526.0
8,1,1,8,2,1,2,71336.0
8,1,1,8,2,3,1,69337.0
8,1,1,8,2,3,5,68977.0
8,1,1,8,2,3,2,69975.0
8,1,1,8,4,4,5,22053.0
8,1,1,8,4,4,6,21060.0
8,1,1,8,4,4,3,22583.0
8,1,1,8,4,11,0,37725.0
8,1,1,8,4,11,7,39812.0
8,1,1,8,4,11,1,42873.0
8,1,1,8,4,6,2,26217.0
8,1,1,8,4,6,1,36657.0
8,1,1,8,4,6,10,36917.0
8,1,1,8,8,10,11,81035.0
8,1,1,8,8,10,10,73740.0
8,1,1,8,8,10,5,72834.0
8,1,1,8,8,8,7,63828.0
8,1,1,8,8,8,8,73740.0
8,1,1,8,8,8,6,70967.0
8,1,1,8,8,1,0,70680.0
8,1,1,8,8,1,10,73740.0
8,1,1,8,8,1,7,62673.0
8,1,1,2,8,5,4,34821.0
8,1,1,2,8,5,3,69634.0
8,1,1,2,8,5,0,69680.0
8,1,1,2,8,3,3,68036.0
8,1,1,2,8,3,2,68943.0
8,1,1,2,8,3,10,69493.0
8,1,1,2,8,11,5,76508.0
8,1,1,2,8,11,4,34770.0
8,1,1,2,8,11,11,84853.0
8,1,1,2,10,1,10,71600.0
8,1,1,2,10,1,8,71600.0
8,1,1,2,10,1,5,70585.0
8,1,1,2,10,8,1,71598.0
8,1,1,2,10,8,11,79829.0
8,1,1,2,10,8,9,72410.0
8,1,1,2,10,7,6,58154.0
8,1,1,2,10,7,9,60476.0
8,1,1,2,10,7,4,32258.0
8,1,1,2,9,4,8,34436.0
8,1,1,2,9,4,7,27595.0
8,1,1,2,9,4,10,34436.0
8,1,1,2,9,2,6,68333.0
8,1,1,2,9,2,8,72410.0
8,1,1,2,9,2,3,70079.0
8,1,1,2,9,11,5,81610.0
8,1,1,2,9,11,3,74554.0
8,1,1,2,9,11,8,82942.0
8,1,1,1,4,2,6,28405.0
8,1,1,1,4,2,4,16910.0
8,1,1,1,4,2,7,26371.0
8,1,1,1,4,7,10,34000.0
8,1,1,1,4,7,7,28182.0
8,1,1,1,4,7,2,24480.0
8,1,1,1,4,6,2,28214.0
8,1,1,1,4,6,9,39404.0
8,1,1,1,4,6,1,38856.0
8,1,1,1,2,6,5,67970.0
8,1,1,1,2,6,6,64788.0
8,1,1,1,2,6,3,66152.0
8,1,1,1,2,11,3,70600.0
8,1,1,1,2,11,11,90594.0
8,1,1,1,2,11,4,39553.0
8,1,1,1,2,7,0,56031.0
8,1,1,1,2,7,2,52924.0
8,1,1,1,2,7,7,46820.0
8,1,1,1,11,5,2,74607.0
8,1,1,1,11,5,3,74370.0
8,1,1,1,11,5,7,72200.0
8,1,1,1,11,2,9,75464.0
8,1,1,1,11,2,11,81699.0
8,1,1,1,11,2,3,71188.0
8,1,1,1,11,3,2,68563.0
8,1,1,1,11,3,5,71422.0
8,1,1,1,11,3,9,72193.0
8,1,9,7,6,10,7,53258.0
8,1,9,7,6,10,2,54018.0
8,1,9,7,6,10,6,55396.0
8,1,9,7,6,11,4,34074.0
8,1,9,7,6,11,1,64277.0
8,1,9,7,6,11,2,56151.0
8,1,9,7,6,3,11,66078.0
8,1,9,7,6,3,1,56993.0
8,1,9,7,6,3,2,52149.0
8,1,9,7,1,5,7,54635.0
8,1,9,7,1,5,8,63593.0
8,1,9,7,1,5,11,71738.0
8,1,9,7,1,9,4,33674.0
8,1,9,7,1,9,6,62818.0
8,1,9,7,1,9,5,63496.0
8,1,9,7,1,10,11,67804.0
8,1,9,7,1,10,0,61831.0
8,1,9,7,1,10,4,31496.0
8,1,9,7,10,3,1,60984.0
8,1,9,7,10,3,2,57116.0
8,1,9,7,10,3,6,60301.0
8,1,9,7,10,1,9,63393.0
8,1,9,7,10,1,7,52908.0
8,1,9,7,10,1,10,63393.0
8,1,9,7,10,4,8,32256.0
8,1,9,7,10,4,2,24796.0
8,1,9,7,10,4,0,30658.0
8,1,9,10,11,5,8,78606.0
8,1,9,10,11,5,1,76846.0
8,1,9,10,11,5,7,67658.0
8,1,9,10,11,0,1,69472.0
8,1,9,10,11,0,9,72200.0
8,1,9,10,11,0,8,72200.0
8,1,9,10,11,7,7,55564.0
8,1,9,10,11,7,3,61522.0
8,1,9,10,11,7,8,68889.0
8,1,9,10,6,0,8,67939.0
8,1,9,10,6,0,7,51142.0
8,1,9,10,6,0,10,67939.0
8,1,9,10,6,6,2,63279.0
8,1,9,10,6,6,11,76291.0
8,1,9,10,6,6,8,68269.0
8,1,9,10,6,3,7,58547.0
8,1,9,10,6,3,5,66828.0
8,1,9,10,6,3,1,66782.0
8,1,9,10,10,5,4,34838.0
8,1,9,10,10,5,3,68713.0
8,1,9,10,10,5,5,70826.0
8,1,9,10,10,4,1,31161.0
8,1,9,10,10,4,6,30229.0
8,1,9,10,10,4,8,31271.0
8,1,9,10,10,7,0,57989.0
8,1,9,10,10,7,6,57614.0
8,1,9,10,10,7,5,60336.0
8,1,9,4,6,0,1,28715.0
8,1,9,4,6,0,4,17379.0
8,1,9,4,6,0,2,22489.0
8,1,9,4,6,7,10,25451.0
8,1,9,4,6,7,7,20024.0
8,1,9,4,6,7,6,25521.0
8,1,9,4,6,9,8,30572.0
8,1,9,4,6,9,2,24072.0
8,1,9,4,6,9,5,30572.0
8,1,9,4,7,0,9,24809.0
8,1,9,4,7,0,4,15580.0
8,1,9,4,7,0,3,23723.0
8,1,9,4,7,11,0,25921.0
8,1,9,4,7,11,7,32133.0
8,1,9,4,7,11,2,22259.0
8,1,9,4,7,6,5,26505.0
8,1,9,4,7,6,1,26035.0
8,1,9,4,7,6,8,26515.0
8,1,9,4,5,5,10,33663.0
8,1,9,4,5,5,9,33663.0
8,1,9,4,5,5,3,32081.0
8,1,9,4,5,8,2,26337.0
8,1,9,4,5,8,6,31077.0
8,1,9,4,5,8,7,30933.0
8,1,9,4,5,4,4,13240.0
8,1,9,4,5,4,3,19105.0
8,1,9,4,5,4,8,20405.0
8,1,6,1,9,2,9,65843.0
8,1,6,1,9,2,7,55921.0
8,1,6,1,9,2,11,72861.0
8,1,6,1,9,6,3,64208.0
8,1,6,1,9,6,2,62045.0
8,1,6,1,9,6,4,31319.0
8,1,6,1,9,8,2,66203.0
8,1,6,1,9,8,10,69933.0
8,1,6,1,9,8,5,68470.0
8,1,6,1,8,11,7,67751.0
8,1,6,1,8,11,3,67529.0
8,1,6,1,8,11,1,74810.0
8,1,6,1,8,5,7,58586.0
8,1,6,1,8,5,4,33200.0
8,1,6,1,8,5,11,76267.0
8,1,6,1,8,3,4,33872.0
8,1,6,1,8,3,8,66901.0
8,1,6,1,8,3,11,71920.0
8,1,6,1,5,8,0,65713.0
8,1,6,1,5,8,2,64721.0
8,1,6,1,5,8,7,57721.0
8,1,6,1,5,2,8,64521.0
8,1,6,1,5,2,4,31967.0
8,1,6,1,5,2,10,64521.0
8,1,6,1,5,10,1,68151.0
8,1,6,1,5,10,11,76692.0
8,1,6,1,5,10,9,68691.0
8,1,6,6,0,6,9,61977.0
8,1,6,6,0,6,7,55985.0
8,1,6,6,0,6,2,55927.0
8,1,6,6,0,9,6,61562.0
8,1,6,6,0,9,11,73902.0
8,1,6,6,0,9,2,59440.0
8,1,6,6,0,1,3,62248.0
8,1,6,6,0,1,6,63289.0
8,1,6,6,0,1,8,63886.0
8,1,6,6,9,6,6,60622.0
8,1,6,6,9,6,2,58540.0
8,1,6,6,9,6,9,65250.0
8,1,6,6,9,2,2,62170.0
8,1,6,6,9,2,3,59337.0
8,1,6,6,9,2,10,62170.0
8,1,6,6,9,9,6,65139.0
8,1,6,6,9,9,11,72186.0
8,1,6,6,9,9,5,65439.0
8,1,6,6,2,1,2,59994.0
8,1,6,6,2,1,4,33325.0
8,1,6,6,2,1,8,60044.0
8,1,6,6,2,10,9,61960.0
8,1,6,6,2,10,3,58466.0
8,1,6,6,2,10,10,61960.0
8,1,6,6,2,11,3,60900.0
8,1,6,6,2,11,2,62480.0
8,1,6,6,2,11,1,63876.0
8,1,6,3,10,7,10,55727.0
8,1,6,3,10,7,4,27942.0
8,1,6,3,10,7,7,46989.0
8,1,6,3,10,5,3,64530.0
8,1,6,3,10,5,5,65203.0
8,1,6,3,10,5,0,64731.0
8,1,6,3,10,0,8,65655.0
8,1,6,3,10,0,3,63345.0
8,1,6,3,10,0,11,71866.0
8,1,6,3,7,0,7,43098.0
8,1,6,3,7,0,9,52832.0
8,1,6,3,7,0,1,52210.0
8,1,6,3,7,3,11,58594.0
8,1,6,3,7,3,7,44094.0
8,1,6,3,7,3,1,51693.0
8,1,6,3,7,7,3,47937.0
8,1,6,3,7,7,7,39739.0
8,1,6,3,7,7,6,48242.0
8,1,6,3,0,4,11,42919.0
8,1,6,3,0,4,5,30617.0
8,1,6,3,0,4,10,32280.0
8,1,6,3,0,5,9,64820.0
8,1,6,3,0,5,5,63802.0
8,1,6,3,0,5,3,63809.0
8,1,6,3,0,11,5,72850.0
8,1,6,3,0,11,10,75107.0
8,1,6,3,0,11,4,38041.0
5,2,4,7,1,8,1,33770.0
5,2,4,7,1,8,10,33770.0
5,2,4,7,1,8,4,22165.0
5,2,4,7,1,9,5,31976.0
5,2,4,7,1,9,9,33770.0
5,2,4,7,1,9,1,33770.0
5,2,4,7,1,3,3,29954.0
5,2,4,7,1,3,8,30530.0
5,2,4,7,1,3,6,27082.0
5,2,4,7,11,10,8,51300.0
5,2,4,7,11,10,1,38776.0
5,2,4,7,11,10,7,40432.0
5,2,4,7,11,1,9,39782.0
5,2,4,7,11,1,8,39782.0
5,2,4,7,11,1,6,35651.0
5,2,4,7,11,9,11,60035.0
5,2,4,7,11,9,3,44199.0
5,2,4,7,11,9,9,51300.0
5,2,4,7,3,8,1,31884.0
5,2,4,7,3,8,11,48003.0
5,2,4,7,3,8,3,38531.0
5,2,4,7,3,5,9,41010.0
5,2,4,7,3,5,11,44607.0
5,2,4,7,3,5,7,32714.0
5,2,4,7,3,2,0,29104.0
5,2,4,7,3,2,2,30820.0
5,2,4,7,3,2,6,30826.0
5,2,4,3,4,4,9,18246.0
5,2,4,3,4,4,1,17036.0
5,2,4,3,4,4,6,18247.0
5,2,4,3,4,9,6,28643.0
5,2,4,3,4,9,10,28645.0
5,2,4,3,4,9,0,27335.0
5,2,4,3,4,10,10,28645.0
5,2,4,3,4,10,9,28645.0
5,2,4,3,4,10,3,27160.0
5,2,4,3,10,9,11,54940.0
5,2,4,3,10,9,10,46619.0
5,2,4,3,10,9,6,46616.0
5,2,4,3,10,0,10,44109.0
5,2,4,3,10,0,6,42235.0
5,2,4,3,10,0,11,54170.0
5,2,4,3,10,10,10,46619.0
5,2,4,3,10,10,11,53728.0
5,2,4,3,10,10,4,33068.0
5,2,4,3,2,7,1,17969.0
5,2,4,3,2,7,9,26875.0
5,2,4,3,2,7,6,24715.0
5,2,4,3,2,0,5,29846.0
5,2,4,3,2,0,7,27992.0
5,2,4,3,2,0,9,30239.0
5,2,4,3,2,1,7,20395.0
5,2,4,3,2,1,5,20798.0
5,2,4,3,2,1,3,19987.0
5,2,4,5,2,4,8,22442.0
5,2,4,5,2,4,0,21482.0
5,2,4,5,2,4,2,20242.0
5,2,4,5,2,5,9,35981.0
5,2,4,5,2,5,5,35759.0
5,2,4,5,2,5,4,19252.0
5,2,4,5,2,3,4,21719.0
5,2,4,5,2,3,2,33786.0
5,2,4,5,2,3,8,34536.0
5,2,4,5,3,8,0,42746.0
5,2,4,5,3,8,9,46376.0
5,2,4,5,3,8,10,46376.0
5,2,4,5,3,5,1,35678.0
5,2,4,5,3,5,10,46376.0
5,2,4,5,3,5,7,36943.0
5,2,4,5,3,2,7,32214.0
5,2,4,5,3,2,9,33986.0
5,2,4,5,3,2,3,31731.0
5,2,4,5,4,3,2,18288.0
5,2,4,5,4,3,6,21409.0
5,2,4,5,4,3,5,21497.0
5,2,4,5,4,9,5,21972.0
5,2,4,5,4,9,8,21976.0
5,2,4,5,4,9,0,21684.0
5,2,4,5,4,1,5,18944.0
5,2,4,5,4,1,7,17982.0
5,2,4,5,4,1,2,16254.0
5,2,10,4,1,4,2,15762.0
5,2,10,4,1,4,3,17198.0
5,2,10,4,1,4,5,18394.0
5,2,10,4,1,0,11,43967.0
5,2,10,4,1,0,8,34660.0
5,2,10,4,1,0,5,33764.0
5,2,10,4,1,2,8,27797.0
5,2,10,4,1,2,10,27797.0
5,2,10,4,1,2,5,26477.0
5,2,10,4,6,10,1,35996.0
5,2,10,4,6,10,2,31508.0
5,2,10,4,6,10,10,44778.0
5,2,10,4,6,3,0,42022.0
5,2,10,4,6,3,9,42172.0
5,2,10,4,6,3,6,40712.0
5,2,10,4,6,0,2,29510.0
5,2,10,4,6,0,9,41980.0
5,2,10,4,6,0,1,34242.0
5,2,10,4,10,7,10,37846.0
5,2,10,4,10,7,0,34799.0
5,2,10,4,10,7,9,37846.0
5,2,10,4,10,6,1,38349.0
5,2,10,4,10,6,9,49105.0
5,2,10,4,10,6,10,49105.0
5,2,10,4,10,9,3,45033.0
5,2,10,4,10,9,5,47390.0
5,2,10,4,10,9,9,49219.0
5,2,10,7,9,7,3,72897.0
5,2,10,7,9,7,6,71488.0
5,2,10,7,9,7,9,76220.0
5,2,10,7,9,5,7,70769.0
5,2,10,7,9,5,4,42811.0
5,2,10,7,9,5,6,81059.0
5,2,10,7,9,3,0,80572.0
5,2,10,7,9,3,9,82248.0
5,2,10,7,9,3,8,82248.0
5,2,10,7,0,6,9,73974.0
5,2,10,7,0,6,4,40842.0
5,2,10,7,0,6,8,73974.0
5,2,10,7,0,3,10,77231.0
5,2,10,7,0,3,8,77231.0
5,2,10,7,0,3,0,77076.0
5,2,10,7,0,9,5,78359.0
5,2,10,7,0,9,1,57395.0
5,2,10,7,0,9,9,79753.0
5,2,10,7,4,8,4,20488.0
5,2,10,7,4,8,0,40441.0
5,2,10,7,4,8,2,30791.0
5,2,10,7,4,11,9,56977.0
5,2,10,7,4,11,6,54659.0
5,2,10,7,4,11,0,42762.0
5,2,10,7,4,4,11,31400.0
5,2,10,7,4,4,6,23219.0
5,2,10,7,4,4,9,24368.0
5,2,10,10,6,2,5,93584.0
5,2,10,10,6,2,11,101660.0
5,2,10,10,6,2,1,66803.0
5,2,10,10,6,4,6,47936.0
5,2,10,10,6,4,10,51110.0
5,2,10,10,6,4,0,46099.0
5,2,10,10,6,5,0,90265.0
5,2,10,10,6,5,11,103777.0
5,2,10,10,6,5,4,46290.0
5,2,10,10,4,11,2,34360.0
5,2,10,10,4,11,3,42682.0
5,2,10,10,4,11,7,40525.0
5,2,10,10,4,8,7,38897.0
5,2,10,10,4,8,6,42173.0
5,2,10,10,4,8,2,31074.0
5,2,10,10,4,5,4,26128.0
5,2,10,10,4,5,3,41205.0
5,2,10,10,4,5,8,43427.0
5,2,10,10,0,0,11,103604.0
5,2,10,10,0,0,5,96390.0
5,2,10,10,0,0,1,69291.0
5,2,10,10,0,10,1,68579.0
5,2,10,10,0,10,9,98203.0
5,2,10,10,0,10,0,98203.0
5,2,10,10,0,5,3,95005.0
5,2,10,10,0,5,11,104116.0
5,2,10,10,0,5,9,96805.0
5,2,1,2,8,0,4,31858.0
5,2,1,2,8,0,8,65810.0
5,2,1,2,8,0,9,65810.0
5,2,1,2,8,7,6,54451.0
5,2,1,2,8,7,2,53901.0
5,2,1,2,8,7,9,58271.0
5,2,1,2,8,6,1,65639.0
5,2,1,2,8,6,3,63588.0
5,2,1,2,8,6,4,31708.0
5,2,1,2,10,10,9,69247.0
5,2,1,2,10,10,3,67033.0
5,2,1,2,10,10,7,56989.0
5,2,1,2,10,0,11,75607.0
5,2,1,2,10,0,4,32078.0
5,2,1,2,10,0,0,65800.0
5,2,1,2,10,6,10,64743.0
5,2,1,2,10,6,7,51338.0
5,2,1,2,10,6,0,61236.0
5,2,1,2,11,5,11,83645.0
5,2,1,2,11,5,7,63575.0
5,2,1,2,11,5,9,75416.0
5,2,1,2,11,7,11,70549.0
5,2,1,2,11,7,0,58140.0
5,2,1,2,11,7,1,61774.0
5,2,1,2,11,2,10,71507.0
5,2,1,2,11,2,2,71507.0
5,2,1,2,11,2,8,71507.0
5,2,1,6,8,2,0,60221.0
5,2,1,6,8,2,7,52676.0
5,2,1,6,8,2,8,63540.0
5,2,1,6,8,3,6,61747.0
5,2,1,6,8,3,4,29272.0
5,2,1,6,8,3,5,62983.0
5,2,1,6,8,6,9,63747.0
5,2,1,6,8,6,5,63409.0
5,2,1,6,8,6,1,63673.0
5,2,1,6,3,7,5,51135.0
5,2,1,6,3,7,11,59585.0
5,2,1,6,3,7,2,46438.0
5,2,1,6,3,11,3,64528.0
5,2,1,6,3,11,2,64918.0
5,2,1,6,3,11,4,37166.0
5,2,1,6,3,2,2,60415.0
5,2,1,6,3,2,6,57781.0
5,2,1,6,3,2,0,58631.0
5,2,1,6,9,10,9,67000.0
5,2,1,6,9,10,6,63365.0
5,2,1,6,9,10,1,66966.0
5,2,1,6,9,6,1,63582.0
5,2,1,6,9,6,10,63638.0
5,2,1,6,9,6,0,59326.0
5,2,1,6,9,8,10,67000.0
5,2,1,6,9,8,8,67000.0
5,2,1,6,9,8,6,63626.0
5,2,1,5,5,5,5,65429.0
5,2,1,5,5,5,11,73405.0
5,2,1,5,5,5,1,67154.0
5,2,1,5,5,4,0,33262.0
5,2,1,5,5,4,11,40973.0
5,2,1,5,5,4,5,34859.0
5,2,1,5,5,7,0,50410.0
5,2,1,5,5,7,3,51175.0
5,2,1,5,5,7,7,48691.0
5,2,1,5,0,1,11,71715.0
5,2,1,5,0,1,0,64702.0
5,2,1,5,0,1,3,63669.0
5,2,1,5,0,11,9,73887.0
5,2,1,5,0,11,2,66937.0
5,2,1,5,0,11,8,73887.0
5,2,1,5,0,5,1,63407.0
5,2,1,5,0,5,10,63861.0
5,2,1,5,0,5,0,63851.0
5,2,1,5,8,9,6,67280.0
5,2,1,5,8,9,11,76727.0
5,2,1,5,8,9,3,66160.0
5,2,1,5,8,0,1,64710.0
5,2,1,5,8,0,2,64012.0
5,2,1,5,8,0,0,65152.0
5,2,1,5,8,6,1,66634.0
5,2,1,5,8,6,6,64190.0
5,2,1,5,8,6,0,62708.0
5,8,7,2,3,1,9,50431.0
5,8,7,2,3,1,0,47179.0
5,8,7,2,3,1,6,48732.0
5,8,7,2,3,0,4,32126.0
5,8,7,2,3,0,0,77122.0
5,8,7,2,3,0,9,77122.0
5,8,7,2,3,4,0,39376.0
5,8,7,2,3,4,5,40375.0
5,8,7,2,3,4,9,41794.0
5,8,7,2,11,11,9,104366.0
5,8,7,2,11,11,7,85161.0
5,8,7,2,11,11,4,44156.0
5,8,7,2,11,7,8,81089.0
5,8,7,2,11,7,6,76695.0
5,8,7,2,11,7,11,88308.0
5,8,7,2,11,10,3,84650.0
5,8,7,2,11,10,1,59427.0
5,8,7,2,11,10,11,99760.0
5,8,7,2,4,5,11,45267.0
5,8,7,2,4,5,7,33863.0
5,8,7,2,4,5,1,26769.0
5,8,7,2,4,2,10,28448.0
5,8,7,2,4,2,6,28096.0
5,8,7,2,4,2,1,19518.0
5,8,7,2,4,1,8,28016.0
5,8,7,2,4,1,2,23176.0
5,8,7,2,4,1,7,24896.0
5,8,7,4,3,8,0,51229.0
5,8,7,4,3,8,11,59481.0
5,8,7,4,3,8,6,45150.0
5,8,7,4,3,0,5,51277.0
5,8,7,4,3,0,1,33627.0
5,8,7,4,3,0,11,56381.0
5,8,7,4,3,2,0,26844.0
5,8,7,4,3,2,2,29036.0
5,8,7,4,3,2,11,38458.0
5,8,7,4,5,2,8,30638.0
5,8,7,4,5,2,6,29085.0
5,8,7,4,5,2,4,20269.0
5,8,7,4,5,10,11,57169.0
5,8,7,4,5,10,10,54068.0
5,8,7,4,5,10,0,53050.0
5,8,7,4,5,6,6,54045.0
5,8,7,4,5,6,2,30519.0
5,8,7,4,5,6,5,54048.0
5,8,7,4,7,2,10,25178.0
5,8,7,4,7,2,0,22856.0
5,8,7,4,7,2,11,36430.0
5,8,7,4,7,10,7,28403.0
5,8,7,4,7,10,3,40790.0
5,8,7,4,7,10,10,45388.0
5,8,7,4,7,1,10,29620.0
5,8,7,4,7,1,3,26311.0
5,8,7,4,7,1,6,27264.0
5,8,7,5,4,10,10,46262.0
5,8,7,5,4,10,2,28602.0
5,8,7,5,4,10,11,54502.0
5,8,7,5,4,0,6,46021.0
5,8,7,5,4,0,5,44162.0
5,8,7,5,4,0,3,42586.0
5,8,7,5,4,3,10,45069.0
5,8,7,5,4,3,1,29379.0
5,8,7,5,4,3,3,42165.0
5,8,7,5,9,7,4,41372.0
5,8,7,5,9,7,0,88690.0
5,8,7,5,9,7,10,88897.0
5,8,7,5,9,4,8,43461.0
5,8,7,5,9,4,10,43461.0
5,8,7,5,9,4,11,53193.0
5,8,7,5,9,9,2,82233.0
5,8,7,5,9,9,4,46619.0
5,8,7,5,9,9,10,112793.0
5,8,7,5,7,10,3,90743.0
5,8,7,5,7,10,5,90608.0
5,8,7,5,7,10,7,77771.0
5,8,7,5,7,4,8,39410.0
5,8,7,5,7,4,11,48229.0
5,8,7,5,7,4,9,39410.0
5,8,7,5,7,11,6,99123.0
5,8,7,5,7,11,9,100947.0
5,8,7,5,7,11,5,98335.0
5,8,0,11,7,8,9,114195.0
5,8,0,11,7,8,11,120127.0
5,8,0,11,7,8,1,60119.0
5,8,0,11,7,4,7,36548.0
5,8,0,11,7,4,4,22146.0
5,8,0,11,7,4,0,44982.0
5,8,0,11,7,7,0,86190.0
5,8,0,11,7,7,8,88844.0
5,8,0,11,7,7,9,88844.0
5,8,0,11,3,3,3,124637.0
5,8,0,11,3,3,9,127665.0
5,8,0,11,3,3,8,127665.0
5,8,0,11,3,6,2,92993.0
5,8,0,11,3,6,6,118665.0
5,8,0,11,3,6,7,106370.0
5,8,0,11,3,5,4,63872.0
5,8,0,11,3,5,0,127814.0
5,8,0,11,3,5,6,122586.0
5,8,0,11,10,9,9,139124.0
5,8,0,11,10,9,10,139124.0
5,8,0,11,10,9,8,139124.0
5,8,0,11,10,2,8,99754.0
5,8,0,11,10,2,4,42107.0
5,8,0,11,10,2,0,93293.0
5,8,0,11,10,3,4,61244.0
5,8,0,11,10,3,6,127986.0
5,8,0,11,10,3,7,111767.0
5,8,0,0,5,2,9,98257.0
5,8,0,0,5,2,6,94106.0
5,8,0,0,5,2,11,104254.0
5,8,0,0,5,1,6,66695.0
5,8,0,0,5,1,10,70409.0
5,8,0,0,5,1,8,70409.0
5,8,0,0,5,11,6,129142.0
5,8,0,0,5,11,5,135019.0
5,8,0,0,5,11,9,136837.0
5,8,0,0,4,7,1,31072.0
5,8,0,0,4,7,8,47956.0
5,8,0,0,4,7,3,45392.0
5,8,0,0,4,4,5,28862.0
5,8,0,0,4,4,11,35890.0
5,8,0,0,4,4,6,28654.0
5,8,0,0,4,9,3,53842.0
5,8,0,0,4,9,1,34807.0
5,8,0,0,4,9,11,64828.0
5,8,0,0,3,9,4,56501.0
5,8,0,0,3,9,8,128728.0
5,8,0,0,3,9,10,128728.0
5,8,0,0,3,4,9,65093.0
5,8,0,0,3,4,3,63376.0
5,8,0,0,3,4,1,41493.0
5,8,0,0,3,6,11,129431.0
5,8,0,0,3,6,1,67086.0
5,8,0,0,3,6,7,103933.0
5,8,0,7,4,2,3,21224.0
5,8,0,7,4,2,2,22285.0
5,8,0,7,4,2,9,22285.0
5,8,0,7,4,6,5,33881.0
5,8,0,7,4,6,9,33881.0
5,8,0,7,4,6,6,31968.0
5,8,0,7,4,3,4,20994.0
5,8,0,7,4,3,1,25541.0
5,8,0,7,4,3,9,37773.0
5,8,0,7,9,0,2,79883.0
5,8,0,7,9,0,11,117418.0
5,8,0,7,9,0,9,110903.0
5,8,0,7,9,10,9,111103.0
5,8,0,7,9,10,4,48204.0
5,8,0,7,9,10,10,111103.0
5,8,0,7,9,7,3,84426.0
5,8,0,7,9,7,7,73544.0
5,8,0,7,9,7,4,43630.0
5,8,0,7,2,11,7,72531.0
5,8,0,7,2,11,5,87232.0
5,8,0,7,2,11,8,87232.0
5,8,0,7,2,3,4,42768.0
5,8,0,7,2,3,0,74777.0
5,8,0,7,2,3,6,73082.0
5,8,0,7,2,7,8,63779.0
5,8,0,7,2,7,0,59882.0
5,8,0,7,2,7,9,63779.0
5,8,2,7,6,4,11,47691.0
5,8,2,7,6,4,10,40403.0
5,8,2,7,6,4,2,29163.0
5,8,2,7,6,5,7,65829.0
5,8,2,7,6,5,2,70407.0
5,8,2,7,6,5,10,80857.0
5,8,2,7,6,11,4,43474.0
5,8,2,7,6,11,6,84377.0
5,8,2,7,6,11,11,100069.0
5,8,2,7,11,8,1,65587.0
5,8,2,7,11,8,6,91604.0
5,8,2,7,11,8,0,82754.0
5,8,2,7,11,2,4,39134.0
5,8,2,7,11,2,10,75333.0
5,8,2,7,11,2,8,75333.0
5,8,2,7,11,7,4,23575.0
5,8,2,7,11,7,0,70593.0
5,8,2,7,11,7,1,57742.0
5,8,2,7,10,6,1,58255.0
5,8,2,7,10,6,11,90956.0
5,8,2,7,10,6,0,77708.0
5,8,2,7,10,11,11,102728.0
5,8,2,7,10,11,6,88054.0
5,8,2,7,10,11,5,92608.0
5,8,2,7,10,5,11,91656.0
5,8,2,7,10,5,1,58864.0
5,8,2,7,10,5,10,84016.0
5,8,2,11,3,5,11,114268.0
5,8,2,11,3,5,2,98001.0
5,8,2,11,3,5,9,105251.0
5,8,2,11,3,3,8,98919.0
5,8,2,11,3,3,4,43718.0
5,8,2,11,3,3,10,98919.0
5,8,2,11,3,0,9,96711.0
5,8,2,11,3,0,6,92556.0
5,8,2,11,3,0,1,64081.0
5,8,2,11,1,1,2,70725.0
5,8,2,11,1,1,9,77115.0
5,8,2,11,1,1,0,64051.0
5,8,2,11,1,3,6,64637.0
5,8,2,11,1,3,1,67989.0
5,8,2,11,1,3,4,32431.0
5,8,2,11,1,8,4,34339.0
5,8,2,11,1,8,1,77115.0
5,8,2,11,1,8,6,71647.0
5,8,2,11,7,2,7,61558.0
5,8,2,11,7,2,6,67256.0
5,8,2,11,7,2,1,50760.0
5,8,2,11,7,5,0,81883.0
5,8,2,11,7,5,5,90891.0
5,8,2,11,7,5,4,40471.0
5,8,2,11,7,10,7,82226.0
5,8,2,11,7,10,2,75746.0
5,8,2,11,7,10,1,63036.0
5,8,2,9,6,11,9,105973.0
5,8,2,9,6,11,4,47440.0
5,8,2,9,6,11,2,95613.0
5,8,2,9,6,5,8,100260.0
5,8,2,9,6,5,9,100260.0
5,8,2,9,6,5,6,98449.0
5,8,2,9,6,10,3,96717.0
5,8,2,9,6,10,2,97549.0
5,8,2,9,6,10,8,101069.0
5,8,2,9,7,2,4,36142.0
5,8,2,9,7,2,10,79099.0
5,8,2,9,7,2,1,52173.0
5,8,2,9,7,5,3,84769.0
5,8,2,9,7,5,11,91734.0
5,8,2,9,7,5,7,68543.0
5,8,2,9,7,8,3,84287.0
5,8,2,9,7,8,9,87349.0
5,8,2,9,7,8,11,99097.0
5,8,2,9,1,7,1,61452.0
5,8,2,9,1,7,10,61664.0
5,8,2,9,1,7,3,58804.0
5,8,2,9,1,9,1,71555.0
5,8,2,9,1,9,5,71345.0
5,8,2,9,1,9,6,69244.0
5,8,2,9,1,8,3,67863.0
5,8,2,9,1,8,6,68015.0
5,8,2,9,1,8,11,80382.0
5,3,6,2,10,1,7,51854.0
5,3,6,2,10,1,1,60630.0
5,3,6,2,10,1,5,59835.0
5,3,6,2,10,11,1,65323.0
5,3,6,2,10,11,9,99411.0
5,3,6,2,10,11,11,107118.0
5,3,6,2,10,6,3,85691.0
5,3,6,2,10,6,11,98378.0
5,3,6,2,10,6,7,73162.0
5,3,6,2,4,3,4,24875.0
5,3,6,2,4,3,0,42076.0
5,3,6,2,4,3,3,42970.0
5,3,6,2,4,6,9,41125.0
5,3,6,2,4,6,11,48447.0
5,3,6,2,4,6,7,30577.0
5,3,6,2,4,1,2,23479.0
5,3,6,2,4,1,0,29623.0
5,3,6,2,4,1,4,20277.0
5,3,6,2,5,3,10,84694.0
5,3,6,2,5,3,6,81292.0
5,3,6,2,5,3,11,89197.0
5,3,6,2,5,10,6,84547.0
5,3,6,2,5,10,3,85445.0
5,3,6,2,5,10,11,95995.0
5,3,6,2,5,11,4,44078.0
5,3,6,2,5,11,5,96753.0
5,3,6,2,5,11,2,86408.0
5,3,6,6,2,1,2,53942.0
5,3,6,6,2,1,11,63265.0
5,3,6,6,2,1,6,54115.0
5,3,6,6,2,2,11,95808.0
5,3,6,6,2,2,9,87588.0
5,3,6,6,2,2,7,73026.0
5,3,6,6,2,0,7,68817.0
5,3,6,6,2,0,1,54013.0
5,3,6,6,2,0,9,83367.0
5,3,6,6,11,11,6,119375.0
5,3,6,6,11,11,4,62202.0
5,3,6,6,11,11,9,126521.0
5,3,6,6,11,9,5,120188.0
5,3,6,6,11,9,10,122611.0
5,3,6,6,11,9,8,122611.0
5,3,6,6,11,6,5,111350.0
5,3,6,6,11,6,2,78494.0
5,3,6,6,11,6,4,55208.0
5,3,6,6,0,2,7,68422.0
5,3,6,6,0,2,9,85929.0
5,3,6,6,0,2,5,83301.0
5,3,6,6,0,7,8,101862.0
5,3,6,6,0,7,7,84302.0
5,3,6,6,0,7,9,101862.0
5,3,6,6,0,10,2,89419.0
5,3,6,6,0,10,9,118359.0
5,3,6,6,0,10,8,118359.0
5,3,6,3,6,10,5,113809.0
5,3,6,3,6,10,9,117723.0
5,3,6,3,6,10,1,64671.0
5,3,6,3,6,2,0,83965.0
5,3,6,3,6,2,1,58595.0
5,3,6,3,6,2,5,87343.0
5,3,6,3,6,8,11,122944.0
5,3,6,3,6,8,2,88823.0
5,3,6,3,6,8,5,114448.0
5,3,6,3,9,2,11,100762.0
5,3,6,3,9,2,0,86343.0
5,3,6,3,9,2,10,92859.0
5,3,6,3,9,11,1,71058.0
5,3,6,3,9,11,3,123731.0
5,3,6,3,9,11,6,120758.0
5,3,6,3,9,0,0,119824.0
5,3,6,3,9,0,5,118350.0
5,3,6,3,9,0,9,119824.0
5,3,6,3,5,0,6,112196.0
5,3,6,3,5,0,4,57677.0
5,3,6,3,5,0,11,126000.0
5,3,6,3,5,4,8,54741.0
5,3,6,3,5,4,3,51847.0
5,3,6,3,5,4,1,31519.0
5,3,6,3,5,1,0,60829.0
5,3,6,3,5,1,6,62119.0
5,3,6,3,5,1,8,64616.0
5,3,5,0,0,9,0,128911.0
5,3,5,0,0,9,6,121244.0
5,3,5,0,0,9,5,127488.0
5,3,5,0,0,2,6,93166.0
5,3,5,0,0,2,9,98831.0
5,3,5,0,0,2,4,44255.0
5,3,5,0,0,5,10,126727.0
5,3,5,0,0,5,4,53062.0
5,3,5,0,0,5,1,66339.0
5,3,5,0,4,6,9,51393.0
5,3,5,0,4,6,3,48018.0
5,3,5,0,4,6,5,48652.0
5,3,5,0,4,11,8,65363.0
5,3,5,0,4,11,10,65363.0
5,3,5,0,4,11,4,33543.0
5,3,5,0,4,4,5,26426.0
5,3,5,0,4,4,3,24770.0
5,3,5,0,4,4,8,26432.0
5,3,5,0,7,9,4,52637.0
5,3,5,0,7,9,1,56515.0
5,3,5,0,7,9,9,103171.0
5,3,5,0,7,10,11,108565.0
5,3,5,0,7,10,7,87233.0
5,3,5,0,7,10,10,103171.0
5,3,5,0,7,0,9,102174.0
5,3,5,0,7,0,0,102174.0
5,3,5,0,7,0,1,55612.0
5,3,5,5,10,7,4,42660.0
5,3,5,5,10,7,6,100000.0
5,3,5,5,10,7,0,105449.0
5,3,5,5,10,9,7,105763.0
5,3,5,5,10,9,9,127150.0
5,3,5,5,10,9,6,119825.0
5,3,5,5,10,0,1,67703.0
5,3,5,5,10,0,4,62305.0
5,3,5,5,10,0,5,124592.0
5,3,5,5,2,3,11,102106.0
5,3,5,5,2,3,0,87968.0
5,3,5,5,2,3,6,91306.0
5,3,5,5,2,2,9,95800.0
5,3,5,5,2,2,2,95800.0
5,3,5,5,2,2,5,94122.0
5,3,5,5,2,7,11,86949.0
5,3,5,5,2,7,4,36163.0
5,3,5,5,2,7,10,78015.0
5,3,5,5,0,7,0,109973.0
5,3,5,5,0,7,8,110281.0
5,3,5,5,0,7,6,103995.0
5,3,5,5,0,11,2,91127.0
5,3,5,5,0,11,11,139578.0
5,3,5,5,0,11,1,72381.0
5,3,5,5,0,9,10,127025.0
5,3,5,5,0,9,2,95495.0
5,3,5,5,0,9,8,127025.0
5,3,5,6,5,10,1,64708.0
5,3,5,6,5,10,3,120832.0
5,3,5,6,5,10,4,53739.0
5,3,5,6,5,0,1,64762.0
5,3,5,6,5,0,2,88082.0
5,3,5,6,5,0,9,122852.0
5,3,5,6,5,6,9,119783.0
5,3,5,6,5,6,3,116214.0
5,3,5,6,5,6,11,128628.0
5,3,5,6,10,8,6,114174.0
5,3,5,6,10,8,11,129886.0
5,3,5,6,10,8,10,122985.0
5,3,5,6,10,1,0,62301.0
5,3,5,6,10,1,9,64597.0
5,3,5,6,10,1,5,63830.0
5,3,5,6,10,7,8,101570.0
5,3,5,6,10,7,10,101570.0
5,3,5,6,10,7,2,66370.0
5,3,5,6,6,0,1,60549.0
5,3,5,6,6,0,2,83259.0
5,3,5,6,6,0,5,114783.0
5,3,5,6,6,9,8,115906.0
5,3,5,6,6,9,6,112182.0
5,3,5,6,6,9,3,110737.0
5,3,5,6,6,6,6,104314.0
5,3,5,6,6,6,10,108568.0
5,3,5,6,6,6,8,108568.0
5,3,10,9,6,5,4,53571.0
5,3,10,9,6,5,3,120641.0
5,3,10,9,6,5,9,123092.0
5,3,10,9,6,10,0,124939.0
5,3,10,9,6,10,11,132592.0
5,3,10,9,6,10,7,106457.0
5,3,10,9,6,8,6,114850.0
5,3,10,9,6,8,10,125067.0
5,3,10,9,6,8,7,107598.0
5,3,10,9,4,8,1,31405.0
5,3,10,9,4,8,6,55043.0
5,3,10,9,4,8,9,55173.0
5,3,10,9,4,2,1,18447.0
5,3,10,9,4,2,5,32462.0
5,3,10,9,4,2,7,28603.0
5,3,10,9,4,11,0,56167.0
5,3,10,9,4,11,3,54237.0
5,3,10,9,4,11,8,63515.0
5,3,10,9,9,6,7,95462.0
5,3,10,9,9,6,2,91550.0
5,3,10,9,9,6,11,129708.0
5,3,10,9,9,5,2,100222.0
5,3,10,9,9,5,10,130262.0
5,3,10,9,9,5,8,130262.0
5,3,10,9,9,3,6,124488.0
5,3,10,9,9,3,10,130458.0
5,3,10,9,9,3,2,99548.0
5,3,10,2,9,1,9,71469.0
5,3,10,2,9,1,10,71469.0
5,3,10,2,9,1,2,69899.0
5,3,10,2,9,7,2,77130.0
5,3,10,2,9,7,6,80474.0
5,3,10,2,9,7,7,69973.0
5,3,10,2,9,4,4,22220.0
5,3,10,2,9,4,5,48368.0
5,3,10,2,9,4,0,46060.0
5,3,10,2,2,0,6,96806.0
5,3,10,2,2,0,4,51109.0
5,3,10,2,2,0,7,80505.0
5,3,10,2,2,9,3,96775.0
5,3,10,2,2,9,7,83002.0
5,3,10,2,2,9,8,103277.0
5,3,10,2,2,8,9,103277.0
5,3,10,2,2,8,7,82366.0
5,3,10,2,2,8,0,97842.0
5,3,10,2,3,1,1,69007.0
5,3,10,2,3,1,5,68457.0
5,3,10,2,3,1,4,31822.0
5,3,10,2,3,5,0,94781.0
5,3,10,2,3,5,2,95303.0
5,3,10,2,3,5,3,94820.0
5,3,10,2,3,4,9,47801.0
5,3,10,2,3,4,0,45288.0
5,3,10,2,3,4,1,34365.0
5,3,10,3,6,10,2,94388.0
5,3,10,3,6,10,8,121978.0
5,3,10,3,6,10,4,54138.0
5,3,10,3,6,6,7,97636.0
5,3,10,3,6,6,10,117290.0
5,3,10,3,6,6,11,125474.0
5,3,10,3,6,3,1,65204.0
5,3,10,3,6,3,5,117036.0
5,3,10,3,6,3,11,126807.0
5,3,10,3,7,7,6,87634.0
5,3,10,3,7,7,5,95876.0
5,3,10,3,7,7,9,95887.0
5,3,10,3,7,4,6,47808.0
5,3,10,3,7,4,7,44306.0
5,3,10,3,7,4,3,48243.0
5,3,10,3,7,0,1,60291.0
5,3,10,3,7,0,9,110553.0
5,3,10,3,7,0,7,97440.0
5,3,10,3,4,7,6,51399.0
5,3,10,3,4,7,10,55837.0
5,3,10,3,4,7,5,55837.0
5,3,10,3,4,2,11,42597.0
5,3,10,3,4,2,1,23303.0
5,3,10,3,4,2,9,36765.0
5,3,10,3,4,6,9,52490.0
5,3,10,3,4,6,1,29362.0
5,3,10,3,4,6,8,52490.0
0,1,8,7,1,3,11,69880.0
0,1,8,7,1,3,4,29179.0
0,1,8,7,1,3,2,57609.0
0,1,8,7,1,2,3,58379.0
0,1,8,7,1,2,10,60062.0
0,1,8,7,1,2,0,57343.0
0,1,8,7,1,10,7,55960.0
0,1,8,7,1,10,3,64075.0
0,1,8,7,1,10,1,64462.0
0,1,8,7,11,3,8,65248.0
0,1,8,7,11,3,4,31947.0
0,1,8,7,11,3,2,58878.0
0,1,8,7,11,8,4,36166.0
0,1,8,7,11,8,2,62559.0
0,1,8,7,11,8,11,81734.0
0,1,8,7,11,6,0,59305.0
0,1,8,7,11,6,9,66955.0
0,1,8,7,11,6,5,65929.0
0,1,8,7,6,11,0,62412.0
0,1,8,7,6,11,1,68602.0
0,1,8,7,6,11,6,68034.0
0,1,8,7,6,7,11,61453.0
0,1,8,7,6,7,2,43895.0
0,1,8,7,6,7,5,52035.0
0,1,8,7,6,2,11,59463.0
0,1,8,7,6,2,8,53560.0
0,1,8,7,6,2,7,45631.0
0,1,8,1,9,11,8,80532.0
0,1,8,1,9,11,7,66899.0
0,1,8,1,9,11,0,72472.0
0,1,8,1,9,8,9,74104.0
0,1,8,1,9,8,3,71864.0
0,1,8,1,9,8,10,74104.0
0,1,8,1,9,4,7,30847.0
0,1,8,1,9,4,0,35477.0
0,1,8,1,9,4,8,35959.0
0,1,8,1,2,5,3,69022.0
0,1,8,1,2,5,11,81763.0
0,1,8,1,2,5,8,71737.0
0,1,8,1,2,1,8,71788.0
0,1,8,1,2,1,0,69723.0
0,1,8,1,2,1,9,71788.0
0,1,8,1,2,0,6,67921.0
0,1,8,1,2,0,11,77446.0
0,1,8,1,2,0,7,56128.0
0,1,8,1,7,4,0,43148.0
0,1,8,1,7,4,1,43891.0
0,1,8,1,7,4,8,44035.0
0,1,8,1,7,3,0,61101.0
0,1,8,1,7,3,8,61579.0
0,1,8,1,7,3,3,60804.0
0,1,8,1,7,1,2,58599.0
0,1,8,1,7,1,1,62939.0
0,1,8,1,7,1,9,62939.0
0,1,8,10,3,2,3,67379.0
0,1,8,10,3,2,11,76603.0
0,1,8,10,3,2,6,67255.0
0,1,8,10,3,9,9,70893.0
0,1,8,10,3,9,5,69209.0
0,1,8,10,3,9,6,68213.0
0,1,8,10,3,5,0,69372.0
0,1,8,10,3,5,4,33969.0
0,1,8,10,3,5,3,68819.0
0,1,8,10,0,11,8,81217.0
0,1,8,10,0,11,9,81217.0
0,1,8,10,0,11,4,48488.0
0,1,8,10,0,4,4,17258.0
0,1,8,10,0,4,5,34215.0
0,1,8,10,0,4,6,34364.0
0,1,8,10,0,6,4,33809.0
0,1,8,10,0,6,0,70996.0
0,1,8,10,0,6,3,69542.0
0,1,8,10,7,10,2,50222.0
0,1,8,10,7,10,1,57666.0
0,1,8,10,7,10,8,57732.0
0,1,8,10,7,0,10,55994.0
0,1,8,10,7,0,8,55994.0
0,1,8,10,7,0,0,55994.0
0,1,8,10,7,5,11,66642.0
0,1,8,10,7,5,1,56455.0
0,1,8,10,7,5,5,54541.0
0,1,6,9,3,10,11,75986.0
0,1,6,9,3,10,10,68880.0
0,1,6,9,3,10,0,68336.0
0,1,6,9,3,8,1,68610.0
0,1,6,9,3,8,10,68880.0
0,1,6,9,3,8,7,56447.0
0,1,6,9,3,2,7,55689.0
0,1,6,9,3,2,5,64182.0
0,1,6,9,3,2,1,64156.0
0,1,6,9,0,8,5,66879.0
0,1,6,9,0,8,8,68432.0
0,1,6,9,0,8,9,68432.0
0,1,6,9,0,7,10,57670.0
0,1,6,9,0,7,2,50730.0
0,1,6,9,0,7,7,43892.0
0,1,6,9,0,9,7,59410.0
0,1,6,9,0,9,8,68432.0
0,1,6,9,0,9,5,67295.0
0,1,6,9,9,2,6,61573.0
0,1,6,9,9,2,11,72769.0
0,1,6,9,9,2,10,65639.0
0,1,6,9,9,10,3,68207.0
0,1,6,9,9,10,6,66799.0
0,1,6,9,9,10,2,66489.0
0,1,6,9,9,6,10,66327.0
0,1,6,9,9,6,5,65382.0
0,1,6,9,9,6,11,73033.0
0,1,6,7,9,2,8,47919.0
0,1,6,7,9,2,11,52530.0
0,1,6,7,9,2,0,45267.0
0,1,6,7,9,7,5,46164.0
0,1,6,7,9,7,3,47045.0
0,1,6,7,9,7,2,38417.0
0,1,6,7,9,0,6,52671.0
0,1,6,7,9,0,11,61924.0
0,1,6,7,9,0,10,55003.0
0,1,6,7,2,8,5,48065.0
0,1,6,7,2,8,11,59418.0
0,1,6,7,2,8,3,46152.0
0,1,6,7,2,1,3,43658.0
0,1,6,7,2,1,5,43879.0
0,1,6,7,2,1,8,45369.0
0,1,6,7,2,9,3,46600.0
0,1,6,7,2,9,1,45555.0
0,1,6,7,2,9,8,48399.0
0,1,6,7,7,4,4,16208.0
0,1,6,7,7,4,1,25698.0
0,1,6,7,7,4,8,25898.0
0,1,6,7,7,9,9,49202.0
0,1,6,7,7,9,3,48399.0
0,1,6,7,7,9,8,49202.0
0,1,6,7,7,3,0,48479.0
0,1,6,7,7,3,7,38651.0
0,1,6,7,7,3,9,48796.0
0,1,6,4,4,8,0,20361.0
0,1,6,4,4,8,4,12991.0
0,1,6,4,4,8,10,21665.0
0,1,6,4,4,2,7,16184.0
0,1,6,4,4,2,5,16884.0
0,1,6,4,4,2,11,26839.0
0,1,6,4,4,0,4,17342.0
0,1,6,4,4,0,2,16898.0
0,1,6,4,4,0,7,17288.0
0,1,6,4,8,1,4,17291.0
0,1,6,4,8,1,6,28840.0
0,1,6,4,8,1,10,29187.0
0,1,6,4,8,7,2,17811.0
0,1,6,4,8,7,7,19560.0
0,1,6,4,8,7,9,22931.0
0,1,6,4,8,0,8,28913.0
0,1,6,4,8,0,1,28699.0
0,1,6,4,8,0,10,28913.0
0,1,6,4,3,0,1,28433.0
0,1,6,4,3,0,10,28869.0
0,1,6,4,3,0,0,28869.0
0,1,6,4,3,10,7,25927.0
0,1,6,4,3,10,3,28998.0
0,1,6,4,3,10,9,29068.0
0,1,6,4,3,1,6,27758.0
0,1,6,4,3,1,2,22792.0
0,1,6,4,3,1,3,28162.0
0,1,1,4,8,9,6,32740.0
0,1,1,4,8,9,4,17866.0
0,1,1,4,8,9,8,35134.0
0,1,1,4,8,11,10,44141.0
0,1,1,4,8,11,9,44141.0
0,1,1,4,8,11,8,44141.0
0,1,1,4,8,0,1,34490.0
0,1,1,4,8,0,5,34606.0
0,1,1,4,8,0,6,34612.0
0,1,1,4,6,9,1,32677.0
0,1,1,4,6,9,3,32565.0
0,1,1,4,6,9,9,33089.0
0,1,1,4,6,3,4,20727.0
0,1,1,4,6,3,1,31741.0
0,1,1,4,6,3,3,30401.0
0,1,1,4,6,11,10,40730.0
0,1,1,4,6,11,6,40783.0
0,1,1,4,6,11,2,25940.0
0,1,1,4,0,5,7,29718.0
0,1,1,4,0,5,5,32737.0
0,1,1,4,0,5,9,33084.0
0,1,1,4,0,11,0,36350.0
0,1,1,4,0,11,6,40641.0
0,1,1,4,0,11,5,42899.0
0,1,1,4,0,3,6,32171.0
0,1,1,4,0,3,10,32853.0
0,1,1,4,0,3,4,20485.0
0,1,1,5,0,11,5,74268.0
0,1,1,5,0,11,4,40134.0
0,1,1,5,0,11,9,75838.0
0,1,1,5,0,0,4,32291.0
0,1,1,5,0,0,0,70823.0
0,1,1,5,0,0,8,70823.0
0,1,1,5,0,1,8,70623.0
0,1,1,5,0,1,4,28889.0
0,1,1,5,0,1,9,70623.0
0,1,1,5,4,0,10,29963.0
0,1,1,5,4,0,9,29963.0
0,1,1,5,4,0,7,27731.0
0,1,1,5,4,4,5,23388.0
0,1,1,5,4,4,9,23388.0
0,1,1,5,4,4,6,21256.0
0,1,1,5,4,1,10,30547.0
0,1,1,5,4,1,2,24567.0
0,1,1,5,4,1,6,29765.0
0,1,1,5,6,11,10,77063.0
0,1,1,5,6,11,7,64815.0
0,1,1,5,6,11,6,74893.0
0,1,1,5,6,3,11,78396.0
0,1,1,5,6,3,7,60299.0
0,1,1,5,6,3,0,67703.0
0,1,1,5,6,4,6,38342.0
0,1,1,5,6,4,3,37391.0
0,1,1,5,6,4,1,38319.0
0,1,1,6,7,1,7,58100.0
0,1,1,6,7,1,1,63268.0
0,1,1,6,7,1,4,61719.0
0,1,1,6,7,9,8,63322.0
0,1,1,6,7,9,2,56392.0
0,1,1,6,7,9,0,61487.0
0,1,1,6,7,0,2,54345.0
0,1,1,6,7,0,6,56770.0
0,1,1,6,7,0,0,61485.0
0,1,1,6,0,1,4,40604.0
0,1,1,6,0,1,7,58945.0
0,1,1,6,0,1,10,68619.0
0,1,1,6,0,8,5,66394.0
0,1,1,6,0,8,11,78735.0
0,1,1,6,0,8,9,68833.0
0,1,1,6,0,0,2,66523.0
0,1,1,6,0,0,0,68833.0
0,1,1,6,0,0,8,68833.0
0,1,1,6,5,2,4,33639.0
0,1,1,6,5,2,9,66056.0
0,1,1,6,5,2,7,56378.0
0,1,1,6,5,4,6,34571.0
0,1,1,6,5,4,0,33750.0
0,1,1,6,5,4,9,34401.0
0,1,1,6,5,8,11,76713.0
0,1,1,6,5,8,0,67614.0
0,1,1,6,5,8,10,69496.0
